PC9,KO,Knock In ,Kinase Dead,M4,M5,M7,M10,M11,M15
47,58.66666667,77.66666667,78.33333333,76.33333333,101.3333333,90,117,103.6666667,72